group,attribute,value,pct
person,age,0-16 years old,19.52
person,age,16-24 years old,11.7
person,age,25-34 years old,13.57
person,age,35-44 years old,13.23
person,age,45-54 years old,12.24
person,age,55-64 years old,12.89
person,age,65+ years old,16.85
person,race,white,60.9
person,race,black,13.29
person,race,asian,6.97
person,race,hispanic,18.84
person,gender,female,50.48
person,gender,male,49.52
accountant,age,0-16 years old,0.0
accountant,age,16-24 years old,5.1
accountant,age,25-34 years old,20.41
accountant,age,35-44 years old,19.57
accountant,age,45-54 years old,19.17
accountant,age,55-64 years old,21.16
accountant,age,65+ years old,14.59
accountant,race,white,71.24
accountant,race,black,8.07
accountant,race,asian,10.27
accountant,race,hispanic,10.42
accountant,gender,female,61.41
accountant,gender,male,38.59
administrative manager,age,0-16 years old,0.0
administrative manager,age,16-24 years old,6.83
administrative manager,age,25-34 years old,20.76
administrative manager,age,35-44 years old,23.43
administrative manager,age,45-54 years old,21.6
administrative manager,age,55-64 years old,18.29
administrative manager,age,65+ years old,9.1
administrative manager,race,white,64.57
administrative manager,race,black,14.07
administrative manager,race,asian,6.39
administrative manager,race,hispanic,14.98
administrative manager,gender,female,62.75
administrative manager,gender,male,37.25
air traffic controller,age,0-16 years old,0.0
air traffic controller,age,16-24 years old,7.87
air traffic controller,age,25-34 years old,29.59
air traffic controller,age,35-44 years old,27.59
air traffic controller,age,45-54 years old,14.66
air traffic controller,age,55-64 years old,14.69
air traffic controller,age,65+ years old,5.6
air traffic controller,race,white,67.85
air traffic controller,race,black,8.48
air traffic controller,race,asian,8.49
air traffic controller,race,hispanic,15.18
air traffic controller,gender,female,20.01
air traffic controller,gender,male,79.99
animal caretaker,age,0-16 years old,0.0
animal caretaker,age,16-24 years old,30.99
animal caretaker,age,25-34 years old,27.67
animal caretaker,age,35-44 years old,14.79
animal caretaker,age,45-54 years old,11.3
animal caretaker,age,55-64 years old,9.57
animal caretaker,age,65+ years old,5.68
animal caretaker,race,white,76.62
animal caretaker,race,black,6.41
animal caretaker,race,asian,3.17
animal caretaker,race,hispanic,13.8
animal caretaker,gender,female,74.96
animal caretaker,gender,male,25.04
artist,age,0-16 years old,0.0
artist,age,16-24 years old,9.29
artist,age,25-34 years old,23.13
artist,age,35-44 years old,20.9
artist,age,45-54 years old,15.64
artist,age,55-64 years old,14.69
artist,age,65+ years old,16.36
artist,race,white,67.43
artist,race,black,9.8
artist,race,asian,7.43
artist,race,hispanic,15.34
artist,gender,female,47.7
artist,gender,male,52.3
athlete,age,0-16 years old,0.0
athlete,age,16-24 years old,38.45
athlete,age,25-34 years old,21.23
athlete,age,35-44 years old,14.49
athlete,age,45-54 years old,9.2
athlete,age,55-64 years old,9.18
athlete,age,65+ years old,7.46
athlete,race,white,74.19
athlete,race,black,9.92
athlete,race,asian,4.74
athlete,race,hispanic,11.15
athlete,gender,female,41.77
athlete,gender,male,58.23
attendant,age,0-16 years old,0.0
attendant,age,16-24 years old,37.18
attendant,age,25-34 years old,17.54
attendant,age,35-44 years old,9.93
attendant,age,45-54 years old,9.79
attendant,age,55-64 years old,12.62
attendant,age,65+ years old,12.95
attendant,race,white,67.05
attendant,race,black,11.74
attendant,race,asian,6.48
attendant,race,hispanic,14.73
attendant,gender,female,47.76
attendant,gender,male,52.24
auto mechanic,age,0-16 years old,0.0
auto mechanic,age,16-24 years old,11.21
auto mechanic,age,25-34 years old,20.66
auto mechanic,age,35-44 years old,19.26
auto mechanic,age,45-54 years old,18.99
auto mechanic,age,55-64 years old,20.38
auto mechanic,age,65+ years old,9.5
auto mechanic,race,white,67.49
auto mechanic,race,black,8.84
auto mechanic,race,asian,4.21
auto mechanic,race,hispanic,19.46
auto mechanic,gender,female,4.2
auto mechanic,gender,male,95.8
baker,age,0-16 years old,0.0
baker,age,16-24 years old,20.01
baker,age,25-34 years old,23.48
baker,age,35-44 years old,17.05
baker,age,45-54 years old,16.07
baker,age,55-64 years old,16.69
baker,age,65+ years old,6.7
baker,race,white,53.46
baker,race,black,11.89
baker,race,asian,7.3
baker,race,hispanic,27.35
baker,gender,female,62.76
baker,gender,male,37.24
bank teller,age,0-16 years old,0.0
bank teller,age,16-24 years old,23.94
bank teller,age,25-34 years old,30.35
bank teller,age,35-44 years old,11.1
bank teller,age,45-54 years old,11.58
bank teller,age,55-64 years old,14.18
bank teller,age,65+ years old,8.87
bank teller,race,white,62.07
bank teller,race,black,10.78
bank teller,race,asian,6.41
bank teller,race,hispanic,20.74
bank teller,gender,female,85.54
bank teller,gender,male,14.46
barber,age,0-16 years old,0.0
barber,age,16-24 years old,7.5
barber,age,25-34 years old,26.89
barber,age,35-44 years old,23.51
barber,age,45-54 years old,18.01
barber,age,55-64 years old,10.83
barber,age,65+ years old,13.26
barber,race,white,39.2
barber,race,black,24.79
barber,race,asian,6.46
barber,race,hispanic,29.55
barber,gender,female,21.65
barber,gender,male,78.35
bartender,age,0-16 years old,0.0
bartender,age,16-24 years old,16.08
bartender,age,25-34 years old,40.1
bartender,age,35-44 years old,21.64
bartender,age,45-54 years old,11.21
bartender,age,55-64 years old,7.24
bartender,age,65+ years old,3.73
bartender,race,white,72.17
bartender,race,black,7.43
bartender,race,asian,4.14
bartender,race,hispanic,16.26
bartender,gender,female,58.7
bartender,gender,male,41.3
billing specialist,age,0-16 years old,0.0
billing specialist,age,16-24 years old,5.42
billing specialist,age,25-34 years old,22.05
billing specialist,age,35-44 years old,23.22
billing specialist,age,45-54 years old,21.11
billing specialist,age,55-64 years old,19.27
billing specialist,age,65+ years old,8.93
billing specialist,race,white,65.05
billing specialist,race,black,14.82
billing specialist,race,asian,5.66
billing specialist,race,hispanic,14.46
billing specialist,gender,female,71.65
billing specialist,gender,male,28.35
bus driver,age,0-16 years old,0.0
bus driver,age,16-24 years old,1.33
bus driver,age,25-34 years old,7.61
bus driver,age,35-44 years old,12.5
bus driver,age,45-54 years old,19.15
bus driver,age,55-64 years old,30.14
bus driver,age,65+ years old,29.27
bus driver,race,white,55.32
bus driver,race,black,24.58
bus driver,race,asian,3.37
bus driver,race,hispanic,16.73
bus driver,gender,female,45.1
bus driver,gender,male,54.9
business manager,age,0-16 years old,0.0
business manager,age,16-24 years old,4.22
business manager,age,25-34 years old,19.17
business manager,age,35-44 years old,24.28
business manager,age,45-54 years old,22.45
business manager,age,55-64 years old,19.97
business manager,age,65+ years old,9.92
business manager,race,white,71.94
business manager,race,black,8.54
business manager,race,asian,7.62
business manager,race,hispanic,11.9
business manager,gender,female,43.17
business manager,gender,male,56.83
carpenter,age,0-16 years old,0.0
carpenter,age,16-24 years old,10.11
carpenter,age,25-34 years old,19.55
carpenter,age,35-44 years old,22.76
carpenter,age,45-54 years old,20.58
carpenter,age,55-64 years old,18.13
carpenter,age,65+ years old,8.86
carpenter,race,white,61.24
carpenter,race,black,5.5
carpenter,race,asian,2.1
carpenter,race,hispanic,31.16
carpenter,gender,female,2.77
carpenter,gender,male,97.23
cashier,age,0-16 years old,0.0
cashier,age,16-24 years old,50.7
cashier,age,25-34 years old,16.72
cashier,age,35-44 years old,9.67
cashier,age,45-54 years old,7.73
cashier,age,55-64 years old,8.82
cashier,age,65+ years old,6.36
cashier,race,white,52.28
cashier,race,black,17.7
cashier,race,asian,7.83
cashier,race,hispanic,22.19
cashier,gender,female,71.99
cashier,gender,male,28.01
ceo,age,0-16 years old,0.0
ceo,age,16-24 years old,0.52
ceo,age,25-34 years old,6.41
ceo,age,35-44 years old,20.07
ceo,age,45-54 years old,27.03
ceo,age,55-64 years old,28.26
ceo,age,65+ years old,17.72
ceo,race,white,81.28
ceo,race,black,4.63
ceo,race,asian,7.07
ceo,race,hispanic,7.02
ceo,gender,female,28.88
ceo,gender,male,71.12
chef,age,0-16 years old,0.0
chef,age,16-24 years old,28.56
chef,age,25-34 years old,20.2
chef,age,35-44 years old,18.45
chef,age,45-54 years old,15.16
chef,age,55-64 years old,12.44
chef,age,65+ years old,5.2
chef,race,white,45.5
chef,race,black,17.11
chef,race,asian,8.8
chef,race,hispanic,28.6
chef,gender,female,39.39
chef,gender,male,60.61
childcare worker,age,0-16 years old,0.0
childcare worker,age,16-24 years old,30.93
childcare worker,age,25-34 years old,19.19
childcare worker,age,35-44 years old,14.13
childcare worker,age,45-54 years old,13.84
childcare worker,age,55-64 years old,13.38
childcare worker,age,65+ years old,8.53
childcare worker,race,white,57.82
childcare worker,race,black,14.05
childcare worker,race,asian,5.57
childcare worker,race,hispanic,22.56
childcare worker,gender,female,93.92
childcare worker,gender,male,6.08
civil engineer,age,0-16 years old,0.0
civil engineer,age,16-24 years old,6.43
civil engineer,age,25-34 years old,25.95
civil engineer,age,35-44 years old,20.39
civil engineer,age,45-54 years old,17.36
civil engineer,age,55-64 years old,18.91
civil engineer,age,65+ years old,10.96
civil engineer,race,white,70.52
civil engineer,race,black,5.32
civil engineer,race,asian,14.8
civil engineer,race,hispanic,9.36
civil engineer,gender,female,16.75
civil engineer,gender,male,83.25
cleaner,age,0-16 years old,0.0
cleaner,age,16-24 years old,13.23
cleaner,age,25-34 years old,15.77
cleaner,age,35-44 years old,18.07
cleaner,age,45-54 years old,19.91
cleaner,age,55-64 years old,21.21
cleaner,age,65+ years old,11.81
cleaner,race,white,43.46
cleaner,race,black,17.91
cleaner,race,asian,4.76
cleaner,race,hispanic,33.87
cleaner,gender,female,51.84
cleaner,gender,male,48.16
construction worker,age,0-16 years old,0.0
construction worker,age,16-24 years old,13.14
construction worker,age,25-34 years old,21.23
construction worker,age,35-44 years old,22.89
construction worker,age,45-54 years old,19.37
construction worker,age,55-64 years old,16.83
construction worker,age,65+ years old,6.53
construction worker,race,white,50.65
construction worker,race,black,8.7
construction worker,race,asian,3.15
construction worker,race,hispanic,37.5
construction worker,gender,female,6.35
construction worker,gender,male,93.65
cook,age,0-16 years old,0.0
cook,age,16-24 years old,42.96
cook,age,25-34 years old,16.69
cook,age,35-44 years old,11.37
cook,age,45-54 years old,11.01
cook,age,55-64 years old,11.68
cook,age,65+ years old,6.29
cook,race,white,52.09
cook,race,black,14.92
cook,race,asian,7.68
cook,race,hispanic,25.31
cook,gender,female,57.3
cook,gender,male,42.7
counselor,age,0-16 years old,0.0
counselor,age,16-24 years old,8.08
counselor,age,25-34 years old,25.59
counselor,age,35-44 years old,24.27
counselor,age,45-54 years old,18.31
counselor,age,55-64 years old,13.72
counselor,age,65+ years old,10.03
counselor,race,white,63.61
counselor,race,black,17.73
counselor,race,asian,4.15
counselor,race,hispanic,14.5
counselor,gender,female,74.9
counselor,gender,male,25.1
dental nurse,age,0-16 years old,0.0
dental nurse,age,16-24 years old,12.49
dental nurse,age,25-34 years old,29.25
dental nurse,age,35-44 years old,22.69
dental nurse,age,45-54 years old,16.47
dental nurse,age,55-64 years old,12.71
dental nurse,age,65+ years old,6.38
dental nurse,race,white,64.96
dental nurse,race,black,7.52
dental nurse,race,asian,6.85
dental nurse,race,hispanic,20.67
dental nurse,gender,female,93.84
dental nurse,gender,male,6.16
dentist,age,0-16 years old,0.0
dentist,age,16-24 years old,0.06
dentist,age,25-34 years old,19.39
dentist,age,35-44 years old,23.35
dentist,age,45-54 years old,17.4
dentist,age,55-64 years old,18.21
dentist,age,65+ years old,21.59
dentist,race,white,67.89
dentist,race,black,4.21
dentist,race,asian,19.61
dentist,race,hispanic,8.29
dentist,gender,female,31.59
dentist,gender,male,68.41
designer,age,0-16 years old,0.0
designer,age,16-24 years old,7.86
designer,age,25-34 years old,25.07
designer,age,35-44 years old,22.8
designer,age,45-54 years old,17.27
designer,age,55-64 years old,15.99
designer,age,65+ years old,11.01
designer,race,white,73.28
designer,race,black,4.86
designer,race,asian,10.07
designer,race,hispanic,11.8
designer,gender,female,53.38
designer,gender,male,46.62
dietitian,age,0-16 years old,0.0
dietitian,age,16-24 years old,6.05
dietitian,age,25-34 years old,29.78
dietitian,age,35-44 years old,21.69
dietitian,age,45-54 years old,14.91
dietitian,age,55-64 years old,17.28
dietitian,age,65+ years old,10.29
dietitian,race,white,71.13
dietitian,race,black,11.87
dietitian,race,asian,8.24
dietitian,race,hispanic,8.76
dietitian,gender,female,92.05
dietitian,gender,male,7.95
doctor,age,0-16 years old,0.0
doctor,age,16-24 years old,2.03
doctor,age,25-34 years old,23.75
doctor,age,35-44 years old,24.25
doctor,age,45-54 years old,19.5
doctor,age,55-64 years old,16.45
doctor,age,65+ years old,14.03
doctor,race,white,68.58
doctor,race,black,6.32
doctor,race,asian,17.54
doctor,race,hispanic,7.55
doctor,gender,female,46.0
doctor,gender,male,54.0
driver,age,0-16 years old,0.0
driver,age,16-24 years old,11.91
driver,age,25-34 years old,18.67
driver,age,35-44 years old,18.37
driver,age,45-54 years old,19.19
driver,age,55-64 years old,20.03
driver,age,65+ years old,11.83
driver,race,white,56.81
driver,race,black,17.8
driver,race,asian,4.19
driver,race,hispanic,21.2
driver,gender,female,12.62
driver,gender,male,87.38
editor,age,0-16 years old,0.0
editor,age,16-24 years old,10.76
editor,age,25-34 years old,21.32
editor,age,35-44 years old,17.53
editor,age,45-54 years old,16.12
editor,age,55-64 years old,17.1
editor,age,65+ years old,17.19
editor,race,white,69.25
editor,race,black,13.64
editor,race,asian,5.35
editor,race,hispanic,11.76
editor,gender,female,68.71
editor,gender,male,31.29
electrician,age,0-16 years old,0.0
electrician,age,16-24 years old,11.02
electrician,age,25-34 years old,22.87
electrician,age,35-44 years old,22.24
electrician,age,45-54 years old,18.8
electrician,age,55-64 years old,17.55
electrician,age,65+ years old,7.51
electrician,race,white,70.04
electrician,race,black,8.02
electrician,race,asian,3.03
electrician,race,hispanic,18.91
electrician,gender,female,2.74
electrician,gender,male,97.26
engineering technician,age,0-16 years old,0.0
engineering technician,age,16-24 years old,11.94
engineering technician,age,25-34 years old,22.06
engineering technician,age,35-44 years old,17.55
engineering technician,age,45-54 years old,18.07
engineering technician,age,55-64 years old,20.79
engineering technician,age,65+ years old,9.59
engineering technician,race,white,69.14
engineering technician,race,black,10.57
engineering technician,race,asian,6.93
engineering technician,race,hispanic,13.36
engineering technician,gender,female,20.78
engineering technician,gender,male,79.22
farmer,age,0-16 years old,0.0
farmer,age,16-24 years old,15.04
farmer,age,25-34 years old,17.87
farmer,age,35-44 years old,18.16
farmer,age,45-54 years old,15.24
farmer,age,55-64 years old,17.92
farmer,age,65+ years old,15.78
farmer,race,white,59.69
farmer,race,black,3.26
farmer,race,asian,2.84
farmer,race,hispanic,34.2
farmer,gender,female,26.02
farmer,gender,male,73.98
firefighter,age,0-16 years old,0.0
firefighter,age,16-24 years old,8.46
firefighter,age,25-34 years old,26.08
firefighter,age,35-44 years old,28.11
firefighter,age,45-54 years old,20.69
firefighter,age,55-64 years old,13.0
firefighter,age,65+ years old,3.66
firefighter,race,white,76.5
firefighter,race,black,8.45
firefighter,race,asian,2.57
firefighter,race,hispanic,12.48
firefighter,gender,female,5.26
firefighter,gender,male,94.74
fitness worker,age,0-16 years old,0.0
fitness worker,age,16-24 years old,34.86
fitness worker,age,25-34 years old,19.04
fitness worker,age,35-44 years old,15.41
fitness worker,age,45-54 years old,11.27
fitness worker,age,55-64 years old,11.27
fitness worker,age,65+ years old,8.15
fitness worker,race,white,69.6
fitness worker,race,black,12.54
fitness worker,race,asian,5.71
fitness worker,race,hispanic,12.15
fitness worker,gender,female,62.47
fitness worker,gender,male,37.53
gaming attendant,age,0-16 years old,0.0
gaming attendant,age,16-24 years old,11.58
gaming attendant,age,25-34 years old,18.85
gaming attendant,age,35-44 years old,23.54
gaming attendant,age,45-54 years old,18.28
gaming attendant,age,55-64 years old,16.91
gaming attendant,age,65+ years old,10.84
gaming attendant,race,white,52.48
gaming attendant,race,black,10.66
gaming attendant,race,asian,24.12
gaming attendant,race,hispanic,12.73
gaming attendant,gender,female,44.86
gaming attendant,gender,male,55.14
hairdresser,age,0-16 years old,0.0
hairdresser,age,16-24 years old,8.58
hairdresser,age,25-34 years old,24.57
hairdresser,age,35-44 years old,23.29
hairdresser,age,45-54 years old,18.0
hairdresser,age,55-64 years old,14.99
hairdresser,age,65+ years old,10.57
hairdresser,race,white,63.8
hairdresser,race,black,13.18
hairdresser,race,asian,6.54
hairdresser,race,hispanic,16.48
hairdresser,gender,female,91.24
hairdresser,gender,male,8.76
hotel attendant,age,0-16 years old,0.0
hotel attendant,age,16-24 years old,45.33
hotel attendant,age,25-34 years old,20.49
hotel attendant,age,35-44 years old,11.02
hotel attendant,age,45-54 years old,8.82
hotel attendant,age,55-64 years old,9.59
hotel attendant,age,65+ years old,4.74
hotel attendant,race,white,55.63
hotel attendant,race,black,19.14
hotel attendant,race,asian,11.19
hotel attendant,race,hispanic,14.03
hotel attendant,gender,female,65.82
hotel attendant,gender,male,34.18
kitchen helper,age,0-16 years old,0.0
kitchen helper,age,16-24 years old,41.44
kitchen helper,age,25-34 years old,16.77
kitchen helper,age,35-44 years old,13.34
kitchen helper,age,45-54 years old,9.99
kitchen helper,age,55-64 years old,11.98
kitchen helper,age,65+ years old,6.48
kitchen helper,race,white,50.11
kitchen helper,race,black,19.47
kitchen helper,race,asian,5.17
kitchen helper,race,hispanic,25.25
kitchen helper,gender,female,22.06
kitchen helper,gender,male,77.94
landscaper,age,0-16 years old,0.0
landscaper,age,16-24 years old,21.49
landscaper,age,25-34 years old,19.0
landscaper,age,35-44 years old,20.65
landscaper,age,45-54 years old,17.03
landscaper,age,55-64 years old,13.99
landscaper,age,65+ years old,7.85
landscaper,race,white,51.88
landscaper,race,black,9.26
landscaper,race,asian,2.42
landscaper,race,hispanic,36.44
landscaper,gender,female,7.65
landscaper,gender,male,92.35
lawyer,age,0-16 years old,0.0
lawyer,age,16-24 years old,2.94
lawyer,age,25-34 years old,18.96
lawyer,age,35-44 years old,23.04
lawyer,age,45-54 years old,20.0
lawyer,age,55-64 years old,19.17
lawyer,age,65+ years old,15.89
lawyer,race,white,76.36
lawyer,race,black,7.29
lawyer,race,asian,5.8
lawyer,race,hispanic,10.54
lawyer,gender,female,54.28
lawyer,gender,male,45.72
librarian,age,0-16 years old,0.0
librarian,age,16-24 years old,13.14
librarian,age,25-34 years old,14.93
librarian,age,35-44 years old,16.85
librarian,age,45-54 years old,17.45
librarian,age,55-64 years old,19.35
librarian,age,65+ years old,18.29
librarian,race,white,77.62
librarian,race,black,8.47
librarian,race,asian,5.02
librarian,race,hispanic,8.89
librarian,gender,female,77.33
librarian,gender,male,22.67
logger,age,0-16 years old,0.0
logger,age,16-24 years old,16.52
logger,age,25-34 years old,19.01
logger,age,35-44 years old,18.85
logger,age,45-54 years old,16.92
logger,age,55-64 years old,17.28
logger,age,65+ years old,11.42
logger,race,white,76.19
logger,race,black,6.33
logger,race,asian,2.35
logger,race,hispanic,15.13
logger,gender,female,9.14
logger,gender,male,90.86
machinist,age,0-16 years old,0.0
machinist,age,16-24 years old,7.35
machinist,age,25-34 years old,18.73
machinist,age,35-44 years old,17.24
machinist,age,45-54 years old,19.85
machinist,age,55-64 years old,24.97
machinist,age,65+ years old,11.85
machinist,race,white,75.02
machinist,race,black,6.24
machinist,race,asian,5.3
machinist,race,hispanic,13.43
machinist,gender,female,8.15
machinist,gender,male,91.85
mail carrier,age,0-16 years old,0.0
mail carrier,age,16-24 years old,3.5
mail carrier,age,25-34 years old,16.45
mail carrier,age,35-44 years old,19.61
mail carrier,age,45-54 years old,23.24
mail carrier,age,55-64 years old,25.92
mail carrier,age,65+ years old,11.29
mail carrier,race,white,61.06
mail carrier,race,black,18.54
mail carrier,race,asian,6.93
mail carrier,race,hispanic,13.48
mail carrier,gender,female,39.92
mail carrier,gender,male,60.08
massage therapist,age,0-16 years old,0.0
massage therapist,age,16-24 years old,3.83
massage therapist,age,25-34 years old,23.41
massage therapist,age,35-44 years old,25.83
massage therapist,age,45-54 years old,21.75
massage therapist,age,55-64 years old,16.05
massage therapist,age,65+ years old,9.13
massage therapist,race,white,68.48
massage therapist,race,black,8.66
massage therapist,race,asian,10.49
massage therapist,race,hispanic,12.36
massage therapist,gender,female,80.29
massage therapist,gender,male,19.71
medical technician,age,0-16 years old,0.0
medical technician,age,16-24 years old,17.46
medical technician,age,25-34 years old,28.29
medical technician,age,35-44 years old,19.19
medical technician,age,45-54 years old,14.41
medical technician,age,55-64 years old,13.49
medical technician,age,65+ years old,7.17
medical technician,race,white,60.67
medical technician,race,black,14.45
medical technician,race,asian,9.31
medical technician,race,hispanic,15.57
medical technician,gender,female,73.82
medical technician,gender,male,26.18
miner,age,0-16 years old,0.0
miner,age,16-24 years old,11.95
miner,age,25-34 years old,27.36
miner,age,35-44 years old,26.79
miner,age,45-54 years old,15.33
miner,age,55-64 years old,13.44
miner,age,65+ years old,5.13
miner,race,white,68.65
miner,race,black,6.67
miner,race,asian,2.06
miner,race,hispanic,22.62
miner,gender,female,3.21
miner,gender,male,96.79
model maker,age,0-16 years old,0.0
model maker,age,16-24 years old,9.26
model maker,age,25-34 years old,17.32
model maker,age,35-44 years old,25.73
model maker,age,45-54 years old,14.15
model maker,age,55-64 years old,18.41
model maker,age,65+ years old,15.12
model maker,race,white,78.2
model maker,race,black,7.14
model maker,race,asian,4.66
model maker,race,hispanic,10.0
model maker,gender,female,14.48
model maker,gender,male,85.52
nurse,age,0-16 years old,0.0
nurse,age,16-24 years old,10.24
nurse,age,25-34 years old,22.48
nurse,age,35-44 years old,20.67
nurse,age,45-54 years old,18.39
nurse,age,55-64 years old,17.94
nurse,age,65+ years old,10.28
nurse,race,white,56.11
nurse,race,black,20.25
nurse,race,asian,8.53
nurse,race,hispanic,15.11
nurse,gender,female,85.75
nurse,gender,male,14.25
operations manager,age,0-16 years old,0.0
operations manager,age,16-24 years old,3.66
operations manager,age,25-34 years old,16.97
operations manager,age,35-44 years old,23.73
operations manager,age,45-54 years old,24.26
operations manager,age,55-64 years old,21.66
operations manager,age,65+ years old,9.73
operations manager,race,white,70.38
operations manager,race,black,7.64
operations manager,race,asian,3.54
operations manager,race,hispanic,18.44
operations manager,gender,female,12.13
operations manager,gender,male,87.87
packager,age,0-16 years old,0.0
packager,age,16-24 years old,26.41
packager,age,25-34 years old,23.19
packager,age,35-44 years old,18.03
packager,age,45-54 years old,14.8
packager,age,55-64 years old,12.96
packager,age,65+ years old,4.61
packager,race,white,28.6
packager,race,black,21.97
packager,race,asian,8.06
packager,race,hispanic,41.37
packager,gender,female,55.81
packager,gender,male,44.19
personal care specialist,age,0-16 years old,0.0
personal care specialist,age,16-24 years old,9.44
personal care specialist,age,25-34 years old,24.09
personal care specialist,age,35-44 years old,23.76
personal care specialist,age,45-54 years old,25.24
personal care specialist,age,55-64 years old,13.66
personal care specialist,age,65+ years old,3.8
personal care specialist,race,white,28.03
personal care specialist,race,black,4.89
personal care specialist,race,asian,52.02
personal care specialist,race,hispanic,15.06
personal care specialist,gender,female,88.48
personal care specialist,gender,male,11.52
photographer,age,0-16 years old,0.0
photographer,age,16-24 years old,10.74
photographer,age,25-34 years old,27.31
photographer,age,35-44 years old,26.19
photographer,age,45-54 years old,14.42
photographer,age,55-64 years old,11.81
photographer,age,65+ years old,9.53
photographer,race,white,72.91
photographer,race,black,8.93
photographer,race,asian,6.04
photographer,race,hispanic,12.12
photographer,gender,female,51.83
photographer,gender,male,48.17
physical therapist,age,0-16 years old,0.0
physical therapist,age,16-24 years old,2.19
physical therapist,age,25-34 years old,30.16
physical therapist,age,35-44 years old,27.77
physical therapist,age,45-54 years old,20.45
physical therapist,age,55-64 years old,14.11
physical therapist,age,65+ years old,5.32
physical therapist,race,white,75.01
physical therapist,race,black,4.73
physical therapist,race,asian,12.96
physical therapist,race,hispanic,7.3
physical therapist,gender,female,66.31
physical therapist,gender,male,33.69
pilot,age,0-16 years old,0.0
pilot,age,16-24 years old,5.92
pilot,age,25-34 years old,18.93
pilot,age,35-44 years old,23.36
pilot,age,45-54 years old,20.06
pilot,age,55-64 years old,21.96
pilot,age,65+ years old,9.76
pilot,race,white,87.17
pilot,race,black,3.7
pilot,race,asian,3.13
pilot,race,hispanic,6.0
pilot,gender,female,7.05
pilot,gender,male,92.95
plumber,age,0-16 years old,0.0
plumber,age,16-24 years old,10.31
plumber,age,25-34 years old,22.2
plumber,age,35-44 years old,22.39
plumber,age,45-54 years old,18.91
plumber,age,55-64 years old,18.37
plumber,age,65+ years old,7.82
plumber,race,white,64.6
plumber,race,black,7.73
plumber,race,asian,2.46
plumber,race,hispanic,25.21
plumber,gender,female,2.24
plumber,gender,male,97.76
police officer,age,0-16 years old,0.0
police officer,age,16-24 years old,6.68
police officer,age,25-34 years old,24.97
police officer,age,35-44 years old,24.86
police officer,age,45-54 years old,23.34
police officer,age,55-64 years old,14.22
police officer,age,65+ years old,5.93
police officer,race,white,63.31
police officer,race,black,17.33
police officer,race,asian,3.63
police officer,race,hispanic,15.72
police officer,gender,female,23.83
police officer,gender,male,76.17
porter,age,0-16 years old,0.0
porter,age,16-24 years old,21.34
porter,age,25-34 years old,17.04
porter,age,35-44 years old,15.44
porter,age,45-54 years old,12.89
porter,age,55-64 years old,18.87
porter,age,65+ years old,14.42
porter,race,white,41.36
porter,race,black,26.06
porter,race,asian,8.65
porter,race,hispanic,23.93
porter,gender,female,34.22
porter,gender,male,65.78
producer,age,0-16 years old,0.0
producer,age,16-24 years old,12.15
producer,age,25-34 years old,29.28
producer,age,35-44 years old,25.22
producer,age,45-54 years old,17.6
producer,age,55-64 years old,9.98
producer,age,65+ years old,5.76
producer,race,white,71.14
producer,race,black,9.07
producer,race,asian,5.8
producer,race,hispanic,13.99
producer,gender,female,36.85
producer,gender,male,63.15
production worker,age,0-16 years old,0.0
production worker,age,16-24 years old,13.67
production worker,age,25-34 years old,21.17
production worker,age,35-44 years old,18.79
production worker,age,45-54 years old,18.61
production worker,age,55-64 years old,19.11
production worker,age,65+ years old,8.66
production worker,race,white,52.82
production worker,race,black,15.7
production worker,race,asian,7.38
production worker,race,hispanic,24.09
production worker,gender,female,35.61
production worker,gender,male,64.39
rail worker,age,0-16 years old,0.0
rail worker,age,16-24 years old,3.13
rail worker,age,25-34 years old,17.16
rail worker,age,35-44 years old,18.11
rail worker,age,45-54 years old,26.67
rail worker,age,55-64 years old,23.82
rail worker,age,65+ years old,11.1
rail worker,race,white,60.39
rail worker,race,black,22.0
rail worker,race,asian,2.47
rail worker,race,hispanic,15.14
rail worker,gender,female,10.84
rail worker,gender,male,89.16
real estate broker,age,0-16 years old,0.0
real estate broker,age,16-24 years old,3.41
real estate broker,age,25-34 years old,13.19
real estate broker,age,35-44 years old,19.57
real estate broker,age,45-54 years old,20.67
real estate broker,age,55-64 years old,22.17
real estate broker,age,65+ years old,21.0
real estate broker,race,white,76.32
real estate broker,race,black,6.37
real estate broker,race,asian,5.98
real estate broker,race,hispanic,11.33
real estate broker,gender,female,56.25
real estate broker,gender,male,43.75
religious leader,age,0-16 years old,0.0
religious leader,age,16-24 years old,6.29
religious leader,age,25-34 years old,15.12
religious leader,age,35-44 years old,18.27
religious leader,age,45-54 years old,17.25
religious leader,age,55-64 years old,20.7
religious leader,age,65+ years old,22.36
religious leader,race,white,70.61
religious leader,race,black,12.99
religious leader,race,asian,6.17
religious leader,race,hispanic,10.23
religious leader,gender,female,40.27
religious leader,gender,male,59.73
sailor,age,0-16 years old,0.0
sailor,age,16-24 years old,19.93
sailor,age,25-34 years old,21.71
sailor,age,35-44 years old,21.5
sailor,age,45-54 years old,13.42
sailor,age,55-64 years old,13.87
sailor,age,65+ years old,9.56
sailor,race,white,75.55
sailor,race,black,11.55
sailor,race,asian,4.47
sailor,race,hispanic,8.43
sailor,gender,female,7.13
sailor,gender,male,92.87
salesperson,age,0-16 years old,0.0
salesperson,age,16-24 years old,20.1
salesperson,age,25-34 years old,21.62
salesperson,age,35-44 years old,16.82
salesperson,age,45-54 years old,15.33
salesperson,age,55-64 years old,15.54
salesperson,age,65+ years old,10.6
salesperson,race,white,64.5
salesperson,race,black,12.99
salesperson,race,asian,5.78
salesperson,race,hispanic,16.73
salesperson,gender,female,52.81
salesperson,gender,male,47.19
scientist,age,0-16 years old,0.0
scientist,age,16-24 years old,9.7
scientist,age,25-34 years old,30.64
scientist,age,35-44 years old,22.61
scientist,age,45-54 years old,15.31
scientist,age,55-64 years old,13.57
scientist,age,65+ years old,8.16
scientist,race,white,64.55
scientist,race,black,7.66
scientist,race,asian,18.54
scientist,race,hispanic,9.25
scientist,gender,female,46.29
scientist,gender,male,53.71
secretary,age,0-16 years old,0.0
secretary,age,16-24 years old,12.47
secretary,age,25-34 years old,19.42
secretary,age,35-44 years old,16.34
secretary,age,45-54 years old,17.48
secretary,age,55-64 years old,20.52
secretary,age,65+ years old,13.78
secretary,race,white,64.27
secretary,race,black,13.07
secretary,race,asian,6.0
secretary,race,hispanic,16.66
secretary,gender,female,83.24
secretary,gender,male,16.76
security guard,age,0-16 years old,0.0
security guard,age,16-24 years old,27.35
security guard,age,25-34 years old,19.66
security guard,age,35-44 years old,13.61
security guard,age,45-54 years old,11.85
security guard,age,55-64 years old,15.32
security guard,age,65+ years old,12.22
security guard,race,white,50.37
security guard,race,black,27.1
security guard,race,asian,5.46
security guard,race,hispanic,17.07
security guard,gender,female,34.24
security guard,gender,male,65.76
social worker,age,0-16 years old,0.0
social worker,age,16-24 years old,5.95
social worker,age,25-34 years old,24.93
social worker,age,35-44 years old,22.75
social worker,age,45-54 years old,19.65
social worker,age,55-64 years old,16.07
social worker,age,65+ years old,10.65
social worker,race,white,57.73
social worker,race,black,21.46
social worker,race,asian,4.49
social worker,race,hispanic,16.32
social worker,gender,female,79.79
social worker,gender,male,20.21
software developer,age,0-16 years old,0.0
software developer,age,16-24 years old,7.81
software developer,age,25-34 years old,26.37
software developer,age,35-44 years old,25.93
software developer,age,45-54 years old,19.57
software developer,age,55-64 years old,14.85
software developer,age,65+ years old,5.46
software developer,race,white,61.42
software developer,race,black,8.62
software developer,race,asian,20.52
software developer,race,hispanic,9.44
software developer,gender,female,24.63
software developer,gender,male,75.37
soldier,age,0-16 years old,0.0
soldier,age,16-24 years old,35.47
soldier,age,25-34 years old,32.34
soldier,age,35-44 years old,22.21
soldier,age,45-54 years old,8.43
soldier,age,55-64 years old,1.13
soldier,age,65+ years old,0.42
soldier,race,white,61.08
soldier,race,black,15.51
soldier,race,asian,6.48
soldier,race,hispanic,16.93
soldier,gender,female,15.61
soldier,gender,male,84.39
stock clerk,age,0-16 years old,0.0
stock clerk,age,16-24 years old,31.55
stock clerk,age,25-34 years old,22.56
stock clerk,age,35-44 years old,15.04
stock clerk,age,45-54 years old,12.82
stock clerk,age,55-64 years old,12.2
stock clerk,age,65+ years old,5.82
stock clerk,race,white,52.51
stock clerk,race,black,20.16
stock clerk,race,asian,5.31
stock clerk,race,hispanic,22.02
stock clerk,gender,female,28.68
stock clerk,gender,male,71.32
surveying technician,age,0-16 years old,0.0
surveying technician,age,16-24 years old,14.46
surveying technician,age,25-34 years old,21.4
surveying technician,age,35-44 years old,18.72
surveying technician,age,45-54 years old,17.08
surveying technician,age,55-64 years old,16.17
surveying technician,age,65+ years old,12.17
surveying technician,race,white,78.07
surveying technician,race,black,4.76
surveying technician,race,asian,3.69
surveying technician,race,hispanic,13.49
surveying technician,gender,female,10.43
surveying technician,gender,male,89.57
taxi driver,age,0-16 years old,0.0
taxi driver,age,16-24 years old,4.4
taxi driver,age,25-34 years old,17.7
taxi driver,age,35-44 years old,22.96
taxi driver,age,45-54 years old,20.59
taxi driver,age,55-64 years old,20.3
taxi driver,age,65+ years old,14.05
taxi driver,race,white,37.63
taxi driver,race,black,24.08
taxi driver,race,asian,14.54
taxi driver,race,hispanic,23.75
taxi driver,gender,female,19.0
taxi driver,gender,male,81.0
teacher,age,0-16 years old,0.0
teacher,age,16-24 years old,9.98
teacher,age,25-34 years old,20.81
teacher,age,35-44 years old,21.54
teacher,age,45-54 years old,19.54
teacher,age,55-64 years old,16.22
teacher,age,65+ years old,11.92
teacher,race,white,70.89
teacher,race,black,10.57
teacher,race,asian,6.46
teacher,race,hispanic,12.08
teacher,gender,female,72.94
teacher,gender,male,27.06
technician,age,0-16 years old,0.0
technician,age,16-24 years old,4.46
technician,age,25-34 years old,23.3
technician,age,35-44 years old,25.39
technician,age,45-54 years old,19.71
technician,age,55-64 years old,18.21
technician,age,65+ years old,8.93
technician,race,white,70.65
technician,race,black,8.87
technician,race,asian,8.67
technician,race,hispanic,11.8
technician,gender,female,67.85
technician,gender,male,32.15
therapist,age,0-16 years old,0.0
therapist,age,16-24 years old,5.12
therapist,age,25-34 years old,27.59
therapist,age,35-44 years old,23.0
therapist,age,45-54 years old,18.86
therapist,age,55-64 years old,14.11
therapist,age,65+ years old,11.32
therapist,race,white,75.46
therapist,race,black,9.23
therapist,race,asian,5.54
therapist,race,hispanic,9.76
therapist,gender,female,79.75
therapist,gender,male,20.25
truck driver,age,0-16 years old,0.0
truck driver,age,16-24 years old,12.35
truck driver,age,25-34 years old,24.73
truck driver,age,35-44 years old,20.8
truck driver,age,45-54 years old,19.11
truck driver,age,55-64 years old,17.91
truck driver,age,65+ years old,5.08
truck driver,race,white,44.39
truck driver,race,black,26.54
truck driver,race,asian,2.9
truck driver,race,hispanic,26.17
truck driver,gender,female,9.28
truck driver,gender,male,90.72
unemployed or not in universe,age,0-16 years old,48.47
unemployed or not in universe,age,16-24 years old,8.28
unemployed or not in universe,age,25-34 years old,2.73
unemployed or not in universe,age,35-44 years old,3.3
unemployed or not in universe,age,45-54 years old,3.65
unemployed or not in universe,age,55-64 years old,6.58
unemployed or not in universe,age,65+ years old,26.99
unemployed or not in universe,race,white,58.25
unemployed or not in universe,race,black,14.45
unemployed or not in universe,race,asian,6.62
unemployed or not in universe,race,hispanic,20.68
unemployed or not in universe,gender,female,53.77
unemployed or not in universe,gender,male,46.23
veterinarian,age,0-16 years old,0.0
veterinarian,age,16-24 years old,0.1
veterinarian,age,25-34 years old,25.3
veterinarian,age,35-44 years old,27.75
veterinarian,age,45-54 years old,17.58
veterinarian,age,55-64 years old,15.17
veterinarian,age,65+ years old,14.11
veterinarian,race,white,87.25
veterinarian,race,black,2.22
veterinarian,race,asian,5.02
veterinarian,race,hispanic,5.51
veterinarian,gender,female,63.9
veterinarian,gender,male,36.1
waiter,age,0-16 years old,0.0
waiter,age,16-24 years old,55.86
waiter,age,25-34 years old,19.22
waiter,age,35-44 years old,9.7
waiter,age,45-54 years old,6.22
waiter,age,55-64 years old,5.95
waiter,age,65+ years old,3.05
waiter,race,white,58.28
waiter,race,black,12.48
waiter,race,asian,7.52
waiter,race,hispanic,21.72
waiter,gender,female,68.42
waiter,gender,male,31.58
welder,age,0-16 years old,0.0
welder,age,16-24 years old,12.61
welder,age,25-34 years old,23.92
welder,age,35-44 years old,21.7
welder,age,45-54 years old,17.59
welder,age,55-64 years old,16.71
welder,age,65+ years old,7.47
welder,race,white,66.0
welder,race,black,8.12
welder,race,asian,3.29
welder,race,hispanic,22.59
welder,gender,female,5.11
welder,gender,male,94.89
writer,age,0-16 years old,0.0
writer,age,16-24 years old,7.63
writer,age,25-34 years old,21.26
writer,age,35-44 years old,21.12
writer,age,45-54 years old,17.33
writer,age,55-64 years old,16.81
writer,age,65+ years old,15.85
writer,race,white,81.05
writer,race,black,7.27
writer,race,asian,4.84
writer,race,hispanic,6.84
writer,gender,female,56.83
writer,gender,male,43.17
